date,sha,total_code,languages
2025-11-23T12:28:38-06:00,d9e0ca469bf78a17c4e211cae2ee8c4a4236d2d3,0,
2025-11-23T12:40:42-06:00,b902df5e1d80008133829aa5ccd25fbf0925d5c9,46,YAML:41;TOML:5
2025-11-23T12:52:45-06:00,581331b292dc51cf9c65990847802d779cce322a,46,YAML:41;TOML:5
2025-11-23T12:55:42-06:00,1febc65007aa575072c2f32527d94805c273ac8e,46,YAML:41;TOML:5
2025-11-23T13:01:35-06:00,72eebcb844194f37a5df1477b06605bc5b206e30,46,YAML:41;TOML:5
2025-11-23T13:02:19-06:00,fbae7f681ec78ce3e64b05c52a7bf9c5bb08bf85,46,YAML:41;TOML:5
2025-11-23T13:04:36-06:00,b56451a5256056b0464a82e6d5729a0d3b5e79fb,46,YAML:41;TOML:5
2025-11-23T13:06:54-06:00,0b7716be16e3cc1393334fa02f03964250a75785,46,YAML:41;TOML:5
2025-11-23T13:21:16-06:00,4efee0444af0124d92bc66e39974872da3ca10e0,46,YAML:41;TOML:5
2025-11-23T14:06:52-06:00,9f09071bbd3dc522f8d70d117edda6cb6d04919c,231,YAML:94;Rust:73;make:29;TOML:21;Dockerfile:14
2025-11-23T20:45:43-06:00,ec07ac453286c6fe4b128c9dae24bc8eeb98e853,680,Rust:507;YAML:85;TOML:30;make:29;Dockerfile:19;Python:10
2025-11-23T21:33:51-06:00,140f930414788bfe145aecad4f8f41982d8bde19,1494,TypeScript:520;Rust:507;CSS:257;YAML:85;SVG:32;TOML:30;make:29;Dockerfile:19;Python:10;JavaScript:5
2025-11-24T18:49:08-06:00,b91ee54b7d7196ba2e9fce239f9a3a67df7fb6e6,1822,TypeScript:520;Rust:507;Python:286;CSS:257;YAML:98;Dockerfile:39;SVG:32;TOML:30;make:29;Bourne Shell:15;JavaScript:5;Text:4
2025-11-25T09:37:28-06:00,2b1db86e240eec17e83708af79bbcf65d9648f91,1837,TypeScript:520;Rust:507;Python:299;CSS:257;YAML:100;Dockerfile:39;SVG:32;TOML:30;make:29;Bourne Shell:15;JavaScript:5;Text:4
2025-11-25T10:47:05-06:00,d111b801c94b09579e92c4f9643e51a40bcb1e90,2058,Rust:561;TypeScript:520;Python:466;CSS:257;YAML:100;Dockerfile:39;SVG:32;TOML:30;make:29;Bourne Shell:15;JavaScript:5;Text:4
2025-11-25T12:57:24-06:00,74d7141ebc472a993e1ba7fe08efc315afed7f3b,2060,Rust:562;TypeScript:520;Python:466;CSS:257;YAML:100;Dockerfile:39;SVG:32;TOML:31;make:29;Bourne Shell:15;JavaScript:5;Text:4
2025-11-25T15:12:24-06:00,87c893b08d5d7066533d66d9496bfcf558ecba43,2516,TypeScript:776;Rust:568;Python:466;CSS:443;YAML:100;Dockerfile:39;SVG:32;TOML:31;make:29;Bourne Shell:15;JavaScript:13;Text:4
2025-11-25T15:23:42-06:00,2babfdc1bcffa1aed34ba55445550c1509a2ed6c,2781,TypeScript:1041;Rust:568;Python:466;CSS:443;YAML:100;Dockerfile:39;SVG:32;TOML:31;make:29;Bourne Shell:15;JavaScript:13;Text:4
2025-11-25T15:34:54-06:00,470b380e2d886596c39ed33cd9da52f227cc2f13,2565,TypeScript:825;Rust:568;Python:466;CSS:443;YAML:100;Dockerfile:39;SVG:32;TOML:31;make:29;Bourne Shell:15;JavaScript:13;Text:4
2025-11-25T15:46:18-06:00,873db3f14e85999db82511555ef512599562e80d,2566,TypeScript:826;Rust:568;Python:466;CSS:443;YAML:100;Dockerfile:39;SVG:32;TOML:31;make:29;Bourne Shell:15;JavaScript:13;Text:4
2025-11-25T15:48:46-06:00,a2eab05d960f19d3cf958d0fd46219d75ff9cb55,2566,TypeScript:826;Rust:568;Python:466;CSS:443;YAML:100;Dockerfile:39;SVG:32;TOML:31;make:29;Bourne Shell:15;JavaScript:13;Text:4
2025-11-25T16:03:38-06:00,2dbcb0c7395ab649a7c38e7862b1bbc93da01983,2489,TypeScript:749;Rust:568;Python:466;CSS:443;YAML:100;Dockerfile:39;SVG:32;TOML:31;make:29;Bourne Shell:15;JavaScript:13;Text:4
2025-11-25T16:08:45-06:00,253d5fe92921daf28f43ba144f643180613b89e9,2486,TypeScript:746;Rust:568;Python:466;CSS:443;YAML:100;Dockerfile:39;SVG:32;TOML:31;make:29;Bourne Shell:15;JavaScript:13;Text:4
2025-11-25T16:14:34-06:00,9b9f19b4ad763dfb2bf504bd64194f9c2941cc79,2453,TypeScript:713;Rust:568;Python:466;CSS:443;YAML:100;Dockerfile:39;SVG:32;TOML:31;make:29;Bourne Shell:15;JavaScript:13;Text:4
2025-11-25T18:00:31-06:00,fc401b6ab1a3121820ba4b71ec079d7f65f042e0,2363,TypeScript:623;Rust:568;Python:466;CSS:443;YAML:100;Dockerfile:39;SVG:32;TOML:31;make:29;Bourne Shell:15;JavaScript:13;Text:4
2025-11-25T18:22:03-06:00,650337d528a9ea12508f3ef55c90a2fc023e3ee6,2450,TypeScript:666;Rust:568;CSS:487;Python:466;YAML:100;Dockerfile:39;SVG:32;TOML:31;make:29;Bourne Shell:15;JavaScript:13;Text:4
2025-11-25T18:26:02-06:00,29e9fd43dcfd433a6f9135226cab4c06ab21c4cb,2461,TypeScript:677;Rust:568;CSS:487;Python:466;YAML:100;Dockerfile:39;SVG:32;TOML:31;make:29;Bourne Shell:15;JavaScript:13;Text:4
2025-11-25T18:31:20-06:00,e570eb610c2d29c89db656af68f7d43faf377f42,2469,TypeScript:685;Rust:568;CSS:487;Python:466;YAML:100;Dockerfile:39;SVG:32;TOML:31;make:29;Bourne Shell:15;JavaScript:13;Text:4
2025-11-25T18:40:24-06:00,331ad23b1d6fa59cfd22d226aa38a81cf3d6833e,2478,TypeScript:694;Rust:568;CSS:487;Python:466;YAML:100;Dockerfile:39;SVG:32;TOML:31;make:29;Bourne Shell:15;JavaScript:13;Text:4
2025-11-25T18:45:42-06:00,f8e7db2eb9b65c4af12eff19e04f98339b537318,2483,TypeScript:699;Rust:568;CSS:487;Python:466;YAML:100;Dockerfile:39;SVG:32;TOML:31;make:29;Bourne Shell:15;JavaScript:13;Text:4
2025-11-25T19:07:34-06:00,e484677eaefc0da07990aef8431e1fa1e9e81822,2496,TypeScript:737;Rust:568;Python:466;CSS:462;YAML:100;Dockerfile:39;SVG:32;TOML:31;make:29;Bourne Shell:15;JavaScript:13;Text:4
2025-11-25T19:20:38-06:00,5fb86fbfb28e3f16df37fa0605196f2b587c26f3,2553,TypeScript:757;Rust:568;CSS:499;Python:466;YAML:100;Dockerfile:39;SVG:32;TOML:31;make:29;Bourne Shell:15;JavaScript:13;Text:4
2025-11-25T19:27:52-06:00,4fbe07bdb4c7a55e8985acc9447aa8e2fb879a79,2554,TypeScript:757;Rust:568;CSS:500;Python:466;YAML:100;Dockerfile:39;SVG:32;TOML:31;make:29;Bourne Shell:15;JavaScript:13;Text:4
2025-11-25T21:00:13-06:00,e5d7290e9d56c41493ac582a44daacde41ae6e45,3121,TypeScript:757;Rust:608;CSS:500;Python:466;Swift:458;YAML:100;Bourne Shell:63;Dockerfile:39;SVG:32;TOML:31;make:29;XML:21;JavaScript:13;Text:4
2025-11-26T08:09:28-06:00,cc2ddd87dd36f6d131c4804ec1864ceb5a066141,3143,TypeScript:757;Rust:608;CSS:500;Python:466;Swift:458;YAML:100;Bourne Shell:63;SVG:54;Dockerfile:39;TOML:31;make:29;XML:21;JavaScript:13;Text:4
2025-11-26T09:15:15-06:00,52be2fa239b0edf7282c97c4d71031fb9dfd1a8e,3143,TypeScript:757;Rust:608;CSS:500;Python:466;Swift:458;YAML:100;Bourne Shell:63;SVG:54;Dockerfile:39;TOML:31;make:29;XML:21;JavaScript:13;Text:4
2025-11-26T10:13:19-06:00,4de3f78d15b3d5c83253d7e9dafce26f30c4b5ea,3241,TypeScript:757;Rust:633;Swift:531;CSS:500;Python:466;YAML:100;Bourne Shell:63;SVG:54;Dockerfile:39;TOML:31;make:29;XML:21;JavaScript:13;Text:4
2025-11-26T10:17:37-06:00,95db8e8c47ec8400829b1d5115f03dc00bd90b5d,3271,TypeScript:757;Rust:633;Swift:531;CSS:500;Python:466;YAML:100;Bourne Shell:93;SVG:54;Dockerfile:39;TOML:31;make:29;XML:21;JavaScript:13;Text:4
2025-11-26T10:29:55-06:00,34590b17bc37617b30926985d9f1932f0f8cbd6c,3271,TypeScript:757;Rust:633;Swift:531;CSS:500;Python:466;YAML:100;Bourne Shell:93;SVG:54;Dockerfile:39;TOML:31;make:29;XML:21;JavaScript:13;Text:4
2025-11-26T15:10:02-06:00,b049a0fb47b15f7552011e04ebd6b5caba34da2c,3373,TypeScript:757;Rust:732;Swift:531;CSS:500;Python:466;YAML:100;Bourne Shell:93;SVG:54;Dockerfile:39;TOML:33;make:29;XML:21;JavaScript:13;Text:5
2025-11-26T15:53:51-06:00,98d37bcd661ef16e032d483d09d9bc059ad88da0,3434,Rust:793;TypeScript:757;Swift:531;CSS:500;Python:466;YAML:100;Bourne Shell:93;SVG:54;Dockerfile:39;TOML:33;make:29;XML:21;JavaScript:13;Text:5
2025-11-26T15:53:51-06:00,a6e479c12b147090c373f020bcca69f42916cda7,3504,Rust:793;TypeScript:757;Python:536;Swift:531;CSS:500;YAML:100;Bourne Shell:93;SVG:54;Dockerfile:39;TOML:33;make:29;XML:21;JavaScript:13;Text:5
2025-11-26T17:01:00-06:00,6788be675bf065f0a25b4754acfb5b7f4487da12,3583,Rust:836;TypeScript:757;Swift:567;Python:536;CSS:500;YAML:100;Bourne Shell:93;SVG:54;Dockerfile:39;TOML:33;make:29;XML:21;JavaScript:13;Text:5
2025-11-26T17:04:10-06:00,295ee467036dda506ef49b6a722e5f54b06bf8d8,3569,Rust:836;TypeScript:757;Swift:567;Python:536;CSS:500;YAML:100;Bourne Shell:93;SVG:54;Dockerfile:39;TOML:33;make:29;JavaScript:13;XML:7;Text:5
2025-11-26T19:54:59-06:00,64ab822ecfd9a80779ce17c3499547ae489c3ad5,3968,Rust:1033;TypeScript:815;Swift:705;Python:536;CSS:500;YAML:106;Bourne Shell:93;SVG:54;Dockerfile:39;TOML:33;make:29;JavaScript:13;XML:7;Text:5
2025-11-26T20:14:19-06:00,612c0e82a5755f3460864e21c3ad0b7bbd34d3f9,3998,Rust:1033;TypeScript:815;Swift:735;Python:536;CSS:500;YAML:106;Bourne Shell:93;SVG:54;Dockerfile:39;TOML:33;make:29;JavaScript:13;XML:7;Text:5
2025-11-26T21:05:46-06:00,ed093af4b46c04c0e800316426fdee44e047fdb4,4002,Rust:1033;TypeScript:785;Swift:739;Python:536;CSS:500;YAML:111;Bourne Shell:110;SVG:54;Dockerfile:47;TOML:33;make:29;JavaScript:13;XML:7;Text:5
2025-11-26T21:18:08-06:00,b64d4f0e83f430a0d444c2dac43d147a0dec7076,4064,Rust:1033;Swift:801;TypeScript:785;Python:536;CSS:500;YAML:111;Bourne Shell:110;SVG:54;Dockerfile:47;TOML:33;make:29;JavaScript:13;XML:7;Text:5
2025-11-27T08:21:55-06:00,909b4f4ef6afeaf99824fb5c4f5bb91384008d66,4162,Rust:1033;Swift:811;TypeScript:785;Python:536;CSS:500;Bourne Shell:113;YAML:111;XML:92;SVG:54;Dockerfile:47;TOML:33;make:29;JavaScript:13;Text:5
2025-11-27T11:19:33-06:00,3fc68a687a1f08ac776c1b30b2d6397cf1de33a0,4277,Rust:1033;Swift:811;TypeScript:785;Python:651;CSS:500;Bourne Shell:113;YAML:111;XML:92;SVG:54;Dockerfile:47;TOML:33;make:29;JavaScript:13;Text:5
2025-11-27T11:58:14-06:00,617bd041f012334bf2cfa9709b6b0682d0fd7704,4319,Rust:1033;Swift:815;TypeScript:785;Python:651;CSS:500;Bourne Shell:144;YAML:113;XML:97;SVG:54;Dockerfile:47;TOML:33;make:29;JavaScript:13;Text:5
2025-11-27T12:01:42-06:00,caf775963bdb32da21be869a66e3083bf5f97de8,4323,Rust:1033;Swift:815;TypeScript:785;Python:651;CSS:500;Bourne Shell:148;YAML:113;XML:97;SVG:54;Dockerfile:47;TOML:33;make:29;JavaScript:13;Text:5
2025-11-27T13:08:05-06:00,9627a9a2e58e440c0d04e31e56f7636da65e628f,4402,Rust:1033;Swift:815;TypeScript:785;Python:723;CSS:500;Bourne Shell:155;YAML:113;XML:97;SVG:54;Dockerfile:47;TOML:33;make:29;JavaScript:13;Text:5
2025-11-27T13:09:33-06:00,321336d82d93c28f94ed845ebac44fce0f3ed696,4402,Rust:1033;Swift:815;TypeScript:785;Python:723;CSS:500;Bourne Shell:155;YAML:113;XML:97;SVG:54;Dockerfile:47;TOML:33;make:29;JavaScript:13;Text:5
2025-11-27T13:33:50-06:00,3c938055ce7463c81a50a04d52a4735fe3653224,4417,Rust:1033;Swift:815;TypeScript:790;Python:723;CSS:510;Bourne Shell:155;YAML:113;XML:97;SVG:54;Dockerfile:47;TOML:33;make:29;JavaScript:13;Text:5
2025-11-27T13:57:48-06:00,2f081a0d392e70707f147335ae83b57885df6010,4417,Rust:1033;Swift:815;TypeScript:790;Python:723;CSS:510;Bourne Shell:155;YAML:113;XML:97;SVG:54;Dockerfile:47;TOML:33;make:29;JavaScript:13;Text:5
2025-11-27T14:41:09-06:00,54f35afdfe8a0f20fa72112c90c1f959192c6dea,4740,Rust:1033;TypeScript:838;Swift:815;CSS:785;Python:723;Bourne Shell:155;YAML:113;XML:97;SVG:54;Dockerfile:47;TOML:33;make:29;JavaScript:13;Text:5
2025-11-27T16:25:39-06:00,eda0c092af01eb87f383d4e9c64a46d1c6af9f2b,4740,Rust:1033;TypeScript:838;Swift:815;CSS:785;Python:723;Bourne Shell:155;YAML:113;XML:97;SVG:54;Dockerfile:47;TOML:33;make:29;JavaScript:13;Text:5
2025-11-27T19:51:45-06:00,878ee981818f4cb73f09b43d60245c4861c8f5d7,4699,Rust:1033;TypeScript:838;Swift:815;CSS:785;Python:668;Bourne Shell:166;YAML:116;XML:97;SVG:54;Dockerfile:47;TOML:33;make:29;JavaScript:13;Text:5
2025-11-27T22:29:31-06:00,6ea6db1a50ced05fde61256816c907dda1c24d50,5240,TypeScript:1123;CSS:1039;Rust:1033;Swift:815;Python:668;Bourne Shell:166;YAML:118;XML:97;SVG:54;Dockerfile:47;TOML:33;make:29;JavaScript:13;Text:5
2025-11-27T22:56:39-06:00,95724911092c7e54d4030ea0512a03b660fd5716,5292,TypeScript:1175;CSS:1039;Rust:1033;Swift:815;Python:668;Bourne Shell:166;YAML:118;XML:97;SVG:54;Dockerfile:47;TOML:33;make:29;JavaScript:13;Text:5
2025-11-27T23:15:42-06:00,631a0e4a1d7534104fc008a0b1cb4e8f7b39c3a2,5305,TypeScript:1188;CSS:1039;Rust:1033;Swift:815;Python:668;Bourne Shell:166;YAML:118;XML:97;SVG:54;Dockerfile:47;TOML:33;make:29;JavaScript:13;Text:5
2025-11-27T23:29:09-06:00,0c825b4af8bd12d865dab38909f3c895cb32e441,5319,TypeScript:1202;CSS:1039;Rust:1033;Swift:815;Python:668;Bourne Shell:166;YAML:118;XML:97;SVG:54;Dockerfile:47;TOML:33;make:29;JavaScript:13;Text:5
2025-11-28T08:49:21-06:00,e3577b727595a186fd12ec78e829c074c26c4f72,5363,TypeScript:1213;CSS:1072;Rust:1033;Swift:815;Python:668;Bourne Shell:166;YAML:118;XML:97;SVG:54;Dockerfile:47;TOML:33;make:29;JavaScript:13;Text:5
2025-11-28T09:30:45-06:00,1adeca72391f040f5c6fb02c66fa0a8b3e7156e3,5363,TypeScript:1213;CSS:1072;Rust:1033;Swift:815;Python:668;Bourne Shell:166;YAML:118;XML:97;SVG:54;Dockerfile:47;TOML:33;make:29;JavaScript:13;Text:5
2025-11-28T09:32:00-06:00,ea1b2b47966b7f839bc14730e827cebbddc752e1,5363,TypeScript:1213;CSS:1072;Rust:1033;Swift:815;Python:668;Bourne Shell:166;YAML:118;XML:97;SVG:54;Dockerfile:47;TOML:33;make:29;JavaScript:13;Text:5
2025-11-28T10:02:36-06:00,bb30d657f9e4101a060cad5706d71b76c80c9f66,5775,TypeScript:1213;CSS:1072;Rust:1065;Swift:954;Python:668;Bourne Shell:405;YAML:120;XML:97;SVG:54;Dockerfile:47;TOML:33;make:29;JavaScript:13;Text:5
2025-11-28T16:58:23-06:00,c169e676bc3152cf2711e54969ce94ee682c869a,5845,TypeScript:1224;CSS:1072;Rust:1065;Swift:954;Python:723;Bourne Shell:409;YAML:120;XML:97;SVG:54;Dockerfile:47;TOML:33;make:29;JavaScript:13;Text:5
2025-11-28T17:31:07-06:00,30974d1a3cec5c036c5f4c8096250be9cc7bde14,6049,TypeScript:1224;Swift:1158;CSS:1072;Rust:1065;Python:723;Bourne Shell:409;YAML:120;XML:97;SVG:54;Dockerfile:47;TOML:33;make:29;JavaScript:13;Text:5
2025-11-29T08:41:57-06:00,abb6cdc632f01c56da5e38fc23c53d5f5e80280f,6049,TypeScript:1224;Swift:1158;CSS:1072;Rust:1065;Python:723;Bourne Shell:409;YAML:120;XML:97;SVG:54;Dockerfile:47;TOML:33;make:29;JavaScript:13;Text:5
2025-11-29T08:54:08-06:00,f8306e6d7f54ce3e0e21704f3abe1786d5bbf8a8,6049,TypeScript:1224;Swift:1158;CSS:1072;Rust:1065;Python:723;Bourne Shell:409;YAML:120;XML:97;SVG:54;Dockerfile:47;TOML:33;make:29;JavaScript:13;Text:5
2025-11-29T08:57:28-06:00,e5ab8758258da2fe222c54bb13ebd22144cf02b6,6049,TypeScript:1224;Swift:1158;CSS:1072;Rust:1065;Python:723;Bourne Shell:409;YAML:120;XML:97;SVG:54;Dockerfile:47;TOML:33;make:29;JavaScript:13;Text:5
2025-11-29T09:17:38-06:00,201491cd5986c592df5fb23ac2bed923aa9529dc,6098,TypeScript:1224;Swift:1161;CSS:1072;Rust:1065;Python:723;Bourne Shell:455;YAML:120;XML:97;SVG:54;Dockerfile:47;TOML:33;make:29;JavaScript:13;Text:5
2025-11-29T09:19:05-06:00,9ea86fea8d79bdd3b9a275b530ba01fe7bb92196,6098,TypeScript:1224;Swift:1161;CSS:1072;Rust:1065;Python:723;Bourne Shell:455;YAML:120;XML:97;SVG:54;Dockerfile:47;TOML:33;make:29;JavaScript:13;Text:5
2025-11-29T09:24:26-06:00,6709b978a5de7cd5086a0c431f4865b26c121717,6199,TypeScript:1224;Swift:1161;CSS:1072;Rust:1065;Python:723;Bourne Shell:556;YAML:120;XML:97;SVG:54;Dockerfile:47;TOML:33;make:29;JavaScript:13;Text:5
2025-11-29T18:27:34-06:00,0133d6b02475d4996e0391c46f3076225eede5ed,8362,Rust:2299;Swift:1579;TypeScript:1224;CSS:1072;Python:994;Bourne Shell:570;SQL:162;YAML:143;XML:97;Dockerfile:61;TOML:60;SVG:54;make:29;JavaScript:13;Text:5
2025-11-29T20:16:21-06:00,c549f619e5c522cd46c7467b5e24927f806e5f15,11032,Rust:3241;Swift:2603;Python:1679;TypeScript:1224;CSS:1072;Bourne Shell:570;SQL:162;YAML:155;XML:97;TOML:65;Dockerfile:62;SVG:54;make:29;JavaScript:13;Text:6
2025-11-29T20:36:41-06:00,1461a129bc72890b641f7e43b7d5f6b857cf75f4,11032,Rust:3241;Swift:2603;Python:1679;TypeScript:1224;CSS:1072;Bourne Shell:570;SQL:162;YAML:155;XML:97;TOML:65;Dockerfile:62;SVG:54;make:29;JavaScript:13;Text:6
2025-11-29T20:44:48-06:00,fc800a4be9da378b9a1fee51a1e9f621632560ca,11923,Rust:3229;Python:2647;Swift:2529;TypeScript:1224;CSS:1072;Bourne Shell:570;YAML:163;SQL:162;XML:97;TOML:65;Dockerfile:62;SVG:54;make:29;JavaScript:13;Text:7
2025-11-29T20:45:03-06:00,bbe579ee3f162b26630f11143554265e224f6fdf,11923,Rust:3229;Python:2647;Swift:2529;TypeScript:1224;CSS:1072;Bourne Shell:570;YAML:163;SQL:162;XML:97;TOML:65;Dockerfile:62;SVG:54;make:29;JavaScript:13;Text:7
2025-11-29T20:45:03-06:00,114fb2806d2122f936e4e82adce584c469d5b38b,13771,Rust:3229;Python:2647;Swift:2529;TypeScript:2204;CSS:1940;Bourne Shell:570;YAML:163;SQL:162;XML:97;TOML:65;Dockerfile:62;SVG:54;make:29;JavaScript:13;Text:7
2025-11-30T06:40:36-06:00,36faee82bf0be8a48f8b666482732c95cfe58cc1,14741,Swift:3499;Rust:3229;Python:2647;TypeScript:2204;CSS:1940;Bourne Shell:570;YAML:163;SQL:162;XML:97;TOML:65;Dockerfile:62;SVG:54;make:29;JavaScript:13;Text:7
2025-11-30T07:12:47-06:00,b15cecdc33733a6f8f844bd370e61954780ea075,15953,Swift:4659;Rust:3229;Python:2647;TypeScript:2204;CSS:1940;Bourne Shell:570;YAML:163;SQL:162;XML:149;TOML:65;Dockerfile:62;SVG:54;make:29;JavaScript:13;Text:7
2025-11-30T07:28:59-06:00,8995a421aba61bdd65977c9d61e3a7a22da7f52e,16567,Swift:4846;Rust:3229;Python:3074;TypeScript:2204;CSS:1940;Bourne Shell:570;YAML:163;SQL:162;XML:149;TOML:65;Dockerfile:62;SVG:54;make:29;JavaScript:13;Text:7
2025-11-30T07:29:15-06:00,9a558eb56f812bff0d9fcfb1987ac5ef572cb4a8,16380,Swift:4659;Rust:3229;Python:3074;TypeScript:2204;CSS:1940;Bourne Shell:570;YAML:163;SQL:162;XML:149;TOML:65;Dockerfile:62;SVG:54;make:29;JavaScript:13;Text:7
2025-12-01T05:58:52-06:00,8449df07c3232cb1d751ea9422faa5ccf673a882,17506,Swift:4741;Rust:3658;Python:3293;TypeScript:2175;CSS:2050;Bourne Shell:812;XML:221;YAML:166;SQL:162;TOML:65;Dockerfile:62;SVG:54;make:29;JavaScript:13;Text:5
2025-12-01T06:34:07-06:00,ad1626cc63d95152975fa2d0f5055765f2894ac0,17311,Swift:4598;Rust:3658;Python:3293;TypeScript:2175;CSS:2050;Bourne Shell:812;XML:169;YAML:166;SQL:162;TOML:65;Dockerfile:62;SVG:54;make:29;JavaScript:13;Text:5
2025-12-01T06:36:31-06:00,dad1a39eb451ca567d430e62455f422ddd55079f,17311,Swift:4598;Rust:3658;Python:3293;TypeScript:2175;CSS:2050;Bourne Shell:812;XML:169;YAML:166;SQL:162;TOML:65;Dockerfile:62;SVG:54;make:29;JavaScript:13;Text:5
2025-12-01T19:20:10-06:00,fa9a7c9f779c3f01207af637fc35b7a516f8d0da,17556,Swift:4598;Rust:3658;Python:3293;TypeScript:2175;CSS:2050;Bourne Shell:1057;XML:169;YAML:166;SQL:162;TOML:65;Dockerfile:62;SVG:54;make:29;JavaScript:13;Text:5
2025-12-01T20:44:29-06:00,5907f8bca8934b5ce78f310e913cb4b4335c37ab,18439,Swift:4598;Python:3955;Rust:3658;TypeScript:2175;CSS:2050;Bourne Shell:1057;SQL:374;XML:169;YAML:166;TOML:65;Dockerfile:62;SVG:54;make:38;JavaScript:13;Text:5
